Animal_ID,Group,Study_Period,Escape_Type,Day,Time,TRT,,,
2408,5,Training_1,Electric,7/7/2025,14:00,FALSE,,,
2410,5,Training_1,Electric,7/7/2025,12:00,FALSE,,,
2414,4,Training_1,Electric,7/8/2025,8:00,TRUE,,,
2417,4,Training_1,Electric,7/7/2025,16:00,TRUE,,,
2418,4,Training_1,Electric,7/7/2025,12:00,TRUE,,,
2418,4,Training_1,Electric,7/7/2025,15:00,TRUE,,,
2418,4,Training_1,Electric,7/7/2025,13:00,TRUE,,,
2414,4,Training_1,Electric,7/8/2025,11:00,TRUE,,,
2401,4,Training_1,Electric,7/7/2025,12:00,TRUE,,,
2401,4,Training_1,Electric,7/7/2025,13:00,TRUE,,,
2401,4,Training_1,Electric,7/7/2025,16:00,TRUE,,,
2401,4,Training_1,Electric,7/8/2025,7:00,TRUE,,,
2401,4,Training_1,Electric,7/8/2025,8:00,TRUE,,,
2401,4,Training_1,Electric,7/8/2025,9:00,TRUE,,,
2401,4,Training_1,Electric,7/8/2025,10:00,TRUE,,,
2401,4,Training_2,Electric,7/9/2025,10:00,TRUE,,,
2401,4,Training_3,Electric,7/10/2025,6:00,TRUE,,,
2401,4,Training_3,Electric,7/10/2025,7:00,TRUE,,,
2401,4,Training_3,Electric,7/10/2025,8:00,TRUE,,,
2401,4,Training_3,Electric,7/10/2025,9:00,TRUE,,,
2401,4,Training_3,Electric,7/10/2025,10:00,TRUE,,,
2401,4,Training_3,Electric,7/10/2025,11:00,TRUE,,,
2401,4,Testing_1,Electric,7/10/2025,12:00,TRUE,,,
2401,4,Testing_1,Electric,7/11/2025,8:00,TRUE,,,
2422,3,Training_1,Electric,7/7/2025,14:00,TRUE,,,
2422,3,Training_1,Electric,7/8/2025,9:00,TRUE,,,
2422,3,Training_3,Virtual,7/10/2025,10:00,TRUE,,,
2416,3,Training_3,Virtual,7/10/2025,11:00,TRUE,,,
