Animal_ID,Group,Day,Time,TRT,,All points within west hay bale exlusion zone after fences were disarmed but cones left out on 7-14 at 12pm (until 7/15 at 8:30am)
2305,2,7/14/2025,12:51,FALSE,,
2410,5,7/14/2025,13:22,FALSE,,
2421,6,7/14/2025,12:51,FALSE,,
2301,1,7/14/2025,20:06,TRUE,,
2409,1,7/14/2025,18:51,TRUE,,
2301,1,7/15/2025,7:21,TRUE,,
2301,1,7/15/2025,7:36,TRUE,,
2409,1,7/15/2025,6:51,TRUE,,
2409,1,7/15/2025,7:06,TRUE,,
2409,1,7/15/2025,7:21,TRUE,,
2406,1,7/15/2025,7:07,TRUE,,
2305,2,7/15/2025,6:36,FALSE,,
2305,2,7/15/2025,6:51,FALSE,,
2305,2,7/15/2025,7:06,FALSE,,
2305,2,7/15/2025,7:21,FALSE,,
2305,2,7/15/2025,7:36,FALSE,,
2420,2,7/15/2025,6:51,FALSE,,
2420,2,7/15/2025,7:06,FALSE,,
2420,2,7/15/2025,7:21,FALSE,,
2420,2,7/15/2025,7:51,FALSE,,
2403,2,7/15/2025,6:51,FALSE,,
2403,2,7/15/2025,7:06,FALSE,,
2403,2,7/15/2025,7:21,FALSE,,
2419,2,7/15/2025,6:52,FALSE,,
2419,2,7/15/2025,7:07,FALSE,,
2419,2,7/15/2025,7:22,FALSE,,
2419,2,7/15/2025,7:37,FALSE,,
2419,2,7/15/2025,7:52,FALSE,,
