Animal_ID,Neckband ID,Group,N,TRT,Weight_4/17/2025_lb
2301,0878823964,1,4,TRT,1012
2406,1756186840,1,4,TRT,643
2409,1025374250,1,4,TRT,750
2415,2884384630,1,4,TRT,744
2305,4170662715,2,5,CNT,1130
2403,1493655751,2,5,CNT,833
2405,3083075271,2,5,CNT,736
2419,0655004639,2,5,CNT,814
2420,1579023114,2,5,CNT,746
2402,3502359988,3,4,TRT,761
2411,0756197638,3,4,TRT,770
2416,3259424474,3,4,TRT,855
2422,0906256042,3,4,TRT,787
2304,3031660528,4,5,TRT,1174
2401,0856901286,4,5,TRT,736
2414,1872350242,4,5,TRT,692
2417,4091471964,4,5,TRT,663
2418,3995827033,4,5,TRT,821
2302,3131563123,5,5,CNT,
2404,3631310938,5,5,CNT,752
2407,2359465740,5,5,CNT,793
2408,3405935410,5,5,CNT,759
2410,2139062068,5,5,CNT,664
2412,4056088957,6,4,CNT,841
2413,0630941167,6,4,CNT,757
2421,0936842844,6,4,CNT,767
2423,0815713161,6,4,CNT,821
